<?xml version="1.0" encoding="UTF-8"?>
<!DOCTYPE sqlMap PUBLIC "-//iBATIS.com//DTD SQL Map 2.0//EN"
  "http://ibatis.apache.org/dtd/sql-map-2.dtd">

<sqlMap namespace="kr.co.jmena.www.web.sample">

	<select id="selectListEnaSysMst" resultMap="">
		SELECT 
			T1.SYSID, 
			T1.SYSNAME, 
			T1.SORTKEY
		FROM SY_SYSMST T1
		WHERE 1=1
		ORDER BY T1.SORTKEY ASC
	</select>

	<update id="updateEnaSysMst">
		UPDATE SY_SYSMST
		SET
			SYSNAME = #SYSNAME#,
			SORTKEY = #SORTKEY#,
			UPDATEUSER = #UPDATEUSER#,
			UPDATEDATE = SYSDATE()
		WHERE SYSID = #SYSID#
	</update>
	
	<insert id="insertEnaSysMst">
		INSERT INTO SY_SYSMST
		(
			SYSID,
			SYSNAME,
			SORTKEY,
			INSERTUSER,
			INSERTDATE
		)
		VALUES(
			#SYSID#,
			#SYSNAME#,
			#SORTKEY#,
			#INSERTUSER#,
			SYSDATE()
		)
	</insert>
	
	
	<select id="selectListEnaSysMenu" resultMap="">
		SELECT 
			T1.SYSID, 
			T1.MENUID,
			T1.MENUNAME,
			T1.USEYN,
			T1.SORTKEY,
			T1.REMARK
		FROM SY_MENUTB T1
		WHERE 1=1
		AND T1.SYSID = #S_SYSID#
		ORDER BY T1.SORTKEY ASC
	</select>
	
	<update id="updateEnaSysMenu">
		UPDATE SY_SYSMENU
		SET
			MENUNAME = #MENUNAME#,
			USEYN = #USEYN#,
			SORTKEY = #SORTKEY#,
			REMARK = #REMARK#,
			UPDATEUSER = #UPDATEUSER#,
			UPDATEDATE = SYSDATE()
		WHERE SYSID = #SYSID#
		AND MENUID = #MENUID#
	</update>
	
	<insert id="insertEnaSysMenu">
		INSERT INTO SY_SYSMENU
		(
			SYSID,
			MENUID,
			MENUNAME,
			USEYN,
			SORTKEY,
			REMARK,
			INSERTUSER,
			INSERTDATE
		)
		VALUES(
			#SYSID#,
			#MENUID#,
			#MENUNAME#,
			#USYN#,
			#SORTKEY#,
			#REMARK#,
			#INSERTUSER#,
			SYSDATE()
		)
	</insert>
</sqlMap>
