<?xml version="1.0" encoding="UTF-8"?>
<!DOCTYPE sqlMap PUBLIC "-//iBATIS.com//DTD SQL Map 2.0//EN"
  "http://ibatis.apache.org/dtd/sql-map-2.dtd">

<sqlMap namespace="kr.co.jmena.www.web.sample">
	<select id="selectListEnaMenuPgmTb" resultMap="">
		SELECT 
			T1.PGMID,
			T1.SYSID,
			(SELECT SYSNAME FROM SY_SYSMST WHERE SYSID = T1.SYSID) AS SYSNAME,
			T1.MENUID,
			(SELECT MENUNAME FROM SY_MENUTB WHERE SYSID = T1.SYSID AND MENUID = T1.MENUID) AS MENUNAME,
			T1.PGMNAME,
			T1.SORTKEY,
			T1.REMARK,
			T1.USEYN
		FROM SY_MENUPGMTB T1
		WHERE 1=1
		AND T1.SYSID = #SYSID#
		AND T1.MENUID = #MENUID#
		ORDER BY T1.SORTKEY ASC
	</select>
	
	<select id="selectOneEnaMenuPgmTb" resultMap="">
		SELECT 
			T1.PGMID,
			T1.SYSID,
			(SELECT SYSNAME FROM SY_SYSMST WHERE SYSID = T1.SYSID) AS SYSNAME,
			T1.MENUID,
			(SELECT MENUNAME FROM SY_MENUTB WHERE SYSID = T1.SYSID AND MENUID = T1.MENUID) AS MENUNAME,
			T1.PGMNAME,
			T1.SORTKEY,
			T1.REMARK,
			T1.USEYN
		FROM SY_MENUPGMTB T1
		WHERE 1=1
		AND T1.SYSID = #SYSID#
		AND T1.MENUID = #MENUID#
		AND T1.PGMID = #PGMID#
		ORDER BY T1.SORTKEY ASC
	</select>
	
	<update id="updateEnaMenuPgmTb">
		UPDATE SY_MENUPGMTB
		SET
			PGMNAME = #PGMNAME#,
			SORTKEY = #SORTKEY#,
			REMARK = #REMARK#,
			USEYN = #USEYN#,
			UPDATEUSER = #UPDATEUSER#,
			UPDATEDATE = SYSDATE()
		WHERE SYSID = #SYSID#
		AND MENUID = #MENUID#
		AND PGMID = #PGMID#
	</update>
	
	<insert id="insertEnaMenuPgmTb">
		INSERT INTO SY_MENUPGMTB
		(
			PGMID,
			SYSID,
			MENUID,
			PGMNAME,
			SORTKEY,
			REMARK,
			USEYN,
			INSERTUSER,
			INSERTDATE
		)
		VALUES(
			#PGMID#,
			#SYSID#,
			#MENUID#,
			#PGMNAME#,
			#SORTKEY#,
			#REMARK#,
			#USEYN#,
			#INSERTUSER#,
			SYSDATE()
		)
	</insert>
</sqlMap>