<?xml version="1.0" encoding="UTF-8"?>
<!DOCTYPE sqlMap PUBLIC "-//iBATIS.com//DTD SQL Map 2.0//EN"
  "http://ibatis.apache.org/dtd/sql-map-2.dtd">

<sqlMap namespace="kr.co.jmena.www.web.sample">
	<select id="selectListEnaCcodeMst">
		SELECT 
			T1.CCODE, 
			T1.CCODENAME
		FROM SY_CCODEMST T1
		WHERE 1=1
		AND T1.CCODENAME = #CCODENAME#
		ORDER BY T1.CCODE ASC
	</select>
	
	<update id="updateEnaCcodeMst">
		UPDATE SY_CCODEMST
		SET
			CCODENAME = #CCODENAME#,
			UPDATEUSER = #UPDATEUSER#,
			UPDATEDATE = SYSDATE()
		WHERE CCODE = #CCODE#
	</update>
	
	<insert id="insertEnaCcodeMst">
		INSERT INTO SY_CCODEMST
		(
			CCODE,
			CCODENAME,
			INSERTUSER,
			INSERTDATE
		)
		VALUES(
			#CCODEID#,
			#CCODENAME#,
			#INSERTUSER#,
			SYSDATE()
		)
	</insert>
	
	<select id="selectListEnaCcodeDtl" resultMap="">
		SELECT 
			T1.CCODE, 
			(SELECT CCODENAME FROM SY_CCODEMST WHERE CCODE = T1.CCODE) AS CCODENAME,
			T1.DCODE,
			T1.DCODENAME,
			T1.USERYN,
			T1.SORTKEY,
			T1.REMARK,
			T1.AUX1,
			T1.AUX1DESC,
			T1.AUX2,
			T1.AUX2DESC,
			T1.AUX3,
			T1.AUX3DESC,
			T1.AUX4,
			T1.AUX4DESC
		FROM SY_CCODEDTL T1
		WHERE 1=1
		AND T1.CCODE = #CCODE#
		ORDER BY T1.DCODE ASC, T1.SORTKEY
	
	</select>
	
	<update id="updateEnaCcodeDtl">
		UPDATE SY_CCODEDTL
		SET
			DCODENAME = #DCODENAME#,
			USEYN = #USEYN#,
			SORTKEY = #SORTKEY#,
			REMARK = #REMARK#,
			AUX1 = #AUX1#,
			AUX1DESC = #AUX1DESC#,
			AUX2 = #AUX2#,
			AUX2DESC = #AUX2DESC#,
			AUX3 = #AUX3#,
			AUX3DESC = #AUX3DESC#,
			AUX4 = #AUX4#,
			AUX4DESC = #AUX4DESC#,
			UPDATEUSER = #UPDATEUSER#,
			UPDATEDATE = SYSDATE()
		WHERE CCODE = #CCODE#
		AND DCODE = #DCODE#
	</update>
	
	<insert id="insertEnaCcodeDtl">
		INSERT INTO SY_CCODEDTL
		(
			CCODE,
			DCODE,
			DCODENAME,
			USEYN,
			SORTKEY,
			REMARK,
			AUX1,
			AUX1DESC,
			AUX2,
			AUX2DESC,
			AUX3,
			AUX3DESC,
			AUX4,
			AUX4DESC,
			INSERTUSER,
			INSERTDATE
		)
		VALUES(
			#CCODE#,
			#DCODE#,
			#DCODENAME#,
			#USEYN#,
			#SORTKEY#,
			#REMARK#,
			#AUX1#,
			#AUX1DESC#,
			#AUX2#,
			#AUX2DESC#,
			#AUX3#,
			#AUX3DESC#,
			#AUX4#,
			#AUX4DESC#,
			#INSERTUSER#,
			SYSDATE()
		)
	</insert>
</sqlMap>