<?xml version="1.0" encoding="UTF-8"?>
<!DOCTYPE sqlMap PUBLIC "-//iBATIS.com//DTD SQL Map 2.0//EN"
  "http://ibatis.apache.org/dtd/sql-map-2.dtd">

<sqlMap namespace="kr.co.jmena.www.web.sample">
	<select id="selectListEnaUserMst2" resultMap="">
		SELECT 
			T1.USERID,
			T1.PGMID,
			T1.PASSWORD,
			T1.USERNAME,
			T1.USEYN,
			T1.USERGUBUN,
			T1.PHONENO,
			T1.MOBILENO
		FROM SY_USERMST T1
		WHERE 1=1
		AND T1.USERGUBUN = #USERGUBUN#
		AND T1.USERNAME = #USERNAME#
		ORDER BY T1.USERID ASC
	</select>
	
	<select id="selectListEnaUserPgmAuthTb" resultMap="">
		SELECT 
			T1.USERID,
			T1.PGMID,
			T1.SYSID,
			T1.MENUID,
			T1.AUTH_S,
			T1.AUTH_I,
			T1.AUTH_U,
			T1.AUTH_D,
			T1.AUTH_P
		FROM SY_USERPGMAUTHTB T1
		WHERE 1=1
		AND T1.USERID = #USERID#
		AND T1.SYSID = #SYSID#
		AND T1.MENUID = #MENUID#
		ORDER BY T1.PGMID ASC
	</select>
	
	<update id="updateEnaUserPgmAuthTb">
		UPDATE SY_USERPGMAUTHTB
		SET
			AUTH_S = #AUTH_S#,
			AUTH_S = #AUTH_I#,
			AUTH_S = #AUTH_U#,
			AUTH_S = #AUTH_D#,
			AUTH_S = #AUTH_P#,
			UPDATEUSER = #UPDATEUSER#,
			UPDATE_DATE = SYSDATE()
		WHERE USERID = #USERID#
		AND SYSID = #SYSID#
		AND MENUID = #MENUID#
		AND PGMID = #PGMID#
	</update>
	
	<insert id="insertEnaUserPgmAuthTb">
		INSERT INTO SY_USERPGMAUTHTB
		(
			USERID,
			PGMID,
			SYSID,
			MENUID,
			AUTH_S,
			AUTH_I,
			AUTH_U,
			AUTH_D,
			AUTH_P,
			INSERTUSER,
			INSERTDATE
		)
		VALUES(
			#USERID#,
			#PGMID#,
			#SYSID#,
			#MENUID#,
			#AUTH_S#,
			#AUTH_I#,
			#AUTH_U#,
			#AUTH_D#,
			#AUTH_P#,
			#INSERTUSER#,
			SYSDATE()
		)
	</insert>
</sqlMap>