<?xml version="1.0" encoding="UTF-8"?>
<!DOCTYPE sqlMap PUBLIC "-//iBATIS.com//DTD SQL Map 2.0//EN"
  "http://ibatis.apache.org/dtd/sql-map-2.dtd">

<sqlMap namespace="kr.co.jmena.www.web.sample">
	<select id="selectListEnaUserMst" resultMap="">
		SELECT 
			T1.USERID,
			T1.PASSWORD,
			T1.USERNAME,
			T1.USEYN,
			T1.USERGUBUN,
			T1.PHONENO,
			T1.MOBILENO
		FROM SY_USERMST T1
		WHERE 1=1
		AND T1.USERNAME = #USERNAME#
		ORDER BY T1.USERNAME ASC
	</select>
	
	<update id="updateEnaUserMst">
		UPDATE SY_USERMST
		SET
			PASSWORD = #PASSWORD#,
			USERNAME = #USERNAME#,
			USEYN = #USEYN#,
			USERGUBUN = #USERGUBUN#,
			PHONENO = #PHONENO#,
			MOBILENO = #MOBILENO#,
			UPDATEUSER = #UPDATEUSER#,
			UPDATEDATE = SYSDATE()
		WHERE USERID = #USERID#
	</update>
	
	<insert id="insertEnaUserMst">
		INSERT INTO SY_USERMST
		(
			USERID,
			PASSWORD,
			USERNAME,
			USEYN,
			USERGUBUN,
			PHONENO,
			MOBILENO,
			INSERTUSER,
			INSERTDATE
		)
		VALUES(
			#USERID#,
			#PASSWORD#,
			#USERNAME#,
			#USEYN#,
			#USERGUBUN#,
			#PHONENO#,
			#MOBILENO#,
			#INSERTUSER#,
			SYSDATE()
		)
	</insert>
	
	<select id="selectListEnaUserSysTb" resultMap="">
		SELECT 
			T1.USERID,
			T1.SYSID,
			(SELECT SYSNAME FROM SY_SYSMST WHERE SYSID = T1.SYSID) AS SYSNAME,
			T1.AUTH_YN,
			T1.REMARK
		FROM SY_USERSYSTB T1
		WHERE 1=1
		AND T1.USERID = #USERID#
		ORDER BY T1.SYSID ASC
	</select>
	
	<update id="updateEnaUserSysTb">
		UPDATE SY_USERSYSTB
		SET	
			AUTH_YN = #AUTH_YN#,
			REMARK = #REMARK#
			UPDATEUSER = #UPDATEUSER#,
			UPDATEDATE = SYSDATE()
		WHERE USERID = #USERID#
		AND SYSID = #SYSID#
	</update>
	
	<insert id="insertEnaUserSysTb">
		INSERT INTO SY_USERSYSTB
		(
			USERID,
			SYSID,
			AUTH_YN,
			REMARK,
			INSERTUSER,
			INSERTDATE
		)
		VALUES(
			#USERID#,
			#SYSID#,
			#AUTH_YN#,
			#REMARK#,
			#INSERTUSER#,
			SYSDATE()
		)
	</insert>

</sqlMap>