<?xml version="1.0" encoding="UTF-8"?>
<!DOCTYPE sqlMap PUBLIC "-//iBATIS.com//DTD SQL Map 2.0//EN"
  "http://ibatis.apache.org/dtd/sql-map-2.dtd">

<sqlMap namespace="kr.co.jmena.www.web.sample">
	<select id="selectListEnaCityMst" resultMap="">
		SELECT 
			T1.CITYCODE,
			T1.CITYNAME,
			T1.SORKTKEY
		FROM BA_CITYMST T1
		WHERE 1=1
		ORDER BY T1.SORTKEY ASC
	</select>
	
	<update id="updateEnaCityMst">
		UPDATE BA_CITYMST
		SET
			CITYNAME = #CITYNAME#,
			SORTKEY = #SORTKEY#,
			UPDATEUSER = #UPDATEUSER#,
			UPDATEDATE = SYSDATE()
		WHERE CITYCODE = #CITYCODE#
	</update>
	
	<insert id="insertEnaCityMst">
		INSERT INTO BA_CITYMST
		(
			CITYCODE,
			CITYNAME,
			SORTKEY,
			INSERTUSER,
			INSERTDATE
		)
		VALUES(
			#CITYCODE#,
			#CITYNAME#,
			#SORTKEY#,
			#INSERTUSER#,
			SYSDATE()
		)
	</insert>
	
	<select id="selectListEnaCityDtl" resultMap="">
		SELECT 
			T1.CITYCODE,
			(SELECT CITYNAME FROM BA_CITYMST WHERE CITYCODE = T1.CITYCODE) AS CITYNAME,
			T1.BOROUGHCODE,
			T1.BOROUGHNAME,
			T1.USEYN,
			T1.SORTKEY,
			T1.REMARK
		FROM BA_CITYDTL T1
		WHERE 1=1
		AND T1.CITYCODE = #CITYCODE#
		ORDER BY T1.SORTKEY ASC
	</select>
	
	<update id="updateEnaCityDtl">
		UPDATE BA_CITYDTL
		SET
			BOROUGHNAME = #BOROUGHNAME#,
			USEYN = #USEYN#,
			SORTKEY = #SORTKEY#,
			REMARK = #REMARK#,
			UPDATEUSER = #UPDATEUSER#,
			UPDATEDATE = # UPDATEDATE#
		WHERE CITYCODE = #CITYCODE#
		AND BOROUGHCODE = #BOROUGHCODE#
	</update>
	
	<insert id="insertEnaCityDtl">
		INSERT INTO BA_CITYDTL
		(
			CITYCODE,
			BOROUGHCODE,
			BOROUGHNAME,
			USEYN,
			SORTKEY,
			REMARK,
			INSERTUSER,
			INSERTDATE
		)
		VALUES(
			#CITYCODE#,
			#BOROUGHCODE#,
			#BOROUGHNAME#,
			#USEYN#,
			#SORTKEY#,
			#REMARK#,
			#INSERTUSER#,
			SYSDATE()
		)
	</insert>
</sqlMap>
