<?xml version="1.0" encoding="UTF-8"?>
<!DOCTYPE sqlMap PUBLIC "-//iBATIS.com//DTD SQL Map 2.0//EN"
  "http://ibatis.apache.org/dtd/sql-map-2.dtd">

<sqlMap namespace="kr.co.jmena.www.web.sample">
	<select id="selectListEnaBranchMst" resultMap="">
		SELECT 
			T1.BRANCHCODE,
			T1.BRANCHNAME,
			T1.USEYN
		FROM BA_BRANCHMST T1
		WHERE 1=1
		AND T1.BRANCHNAME = #BRANCHNAME#
	</select>
	
	<update id="updateEnaBranchMst">
		UPDATE BA_BRANCHMST
		SET
			BRANCHNAME = #BRANCHNAME#,
			USEYN = #USEYN#,
			UPDATEUSER = #UPDATEUSER#,
			UPDATEDATE = SYSDATE()
		WHERE USERID = #USERID#
	</update>
	
	<insert id="insertEnaBranchMst">
		INSERT INTO BA_BRANCHMST
		(
			BRANCHCODE,
			BRANCHNAME,
			USEYN,
			INSERTUSER,
			INSERTDATE
		)
		VALUES(
			#BRANCHCODE#,
			#BRANCHNAME#,
			#USEYN#,
			#INSERTUSER#,
			SYSDATE()
		)
	</insert>
	
	<select id="selectListEnaDeptMst" resultMap="">
		SELECT 
			T1.DEPTCODE,
			T1.DEPTNAME,
			T1.BRANCHCODE,
			T1.DEPTGUBUN,
			T1.SORKTKEY,
			T1.USEYN,
			T1.REMARK
		FROM BA_DEPTMST T1
		WHERE 1=1
		AND T1.BRANCHCODE = #BRANCHCODE#
		AND T1.DEPTCODE = #DEPTCODE#
		ORDER BY T1.SORTKEY ASC
	</select>
	
	<update id="updateEnaDeptMst">
		UPDATE BA_DEPTMST
		SET
			DEPTNAME = #DEPTNAME#,
			DEPTGUBUN = #DEPTGUBUN#,
			SORTKEY = #SORTKEY#,
			USEYN = #USEYN#,
			REMARK = #REMARK#,
			UPDATEUSER = #UPDATEUSER#,
			UPDATEDATE = SYSDATE()
		WHERE BRANCHCODE = #BRANCHCODE#
		AND DEPTCODE = #DEPTCODE#
	</update>
	
	<insert id="insertEnaDeptMst">
		INSERT INTO BA_DEPTMST
		(
			DEPTCODE,
			DEPTNAME,
			BRANCHCODE,
			DEPTGUBUN,
			SORTKEY,
			USEYN,
			REMARK,
			INSERTUSER,
			INSERTDATE
		)
		VALUES(
			#DEPTCODE#,
			#DEPTNAME#,
			#BRANCHCODE#,
			#DEPTGUBUN#,
			#SORTKEY#,
			#USEYN#,
			#REMARK#,
			#INSERTUSER#,
			SYSDATE()
		)
	</insert>
</sqlMap>