<?xml version="1.0" encoding="UTF-8"?>
<!DOCTYPE sqlMap PUBLIC "-//iBATIS.com//DTD SQL Map 2.0//EN"
  "http://ibatis.apache.org/dtd/sql-map-2.dtd">

<sqlMap namespace="kr.co.jmena.www.web.sample">
	<select id="selectListEnaInsaMst" resultMap="">
		SELECT 
			T1.INSACODE,
			T1.KNAME,
			T1.JUMINID,
			T1.SAUPID,
			T1.ADDRESS,
			T1.MOBILENO,
			T1.TELNO,
			T1.BRANCHCODE,
			(SELECT BRANCHNAME FROM BA_BRANCHMST WHERE BRANCHCODE = T1.BRANCHCODE) AS BRANCHNAME,
			T1.DEPTCODE,
			(SELECT DEPTNAME FROM BA_DEPTMST WHERE BRANCHCODE = T1.BRANCHCODE AND DEPTCODE = T1.DEPTCODE) AS DEPTNAME,
			T1.BASICPAY,
			T1.EMPLOYGUBUN,
			T1.GRADE,
			T1.DUTY,
			T1.JOINDATE,
			T1.REJOINYN,
			T1.RETIREDATE,
			T1.RECOLID,
			T1.REMARK
		FROM HR_INSAMST T1
		WHERE 1=1
		ORDER BY T1.SORTKEY ASC
	</select>
	
	<update id="updateEnaInsaMst">
		UPDATE HR_INSAMST
		SET
			KNAME = #KNAME#,
			JUMINID = #JUMINID#,
			SAUPID = #SAUPID#,
			ADDRESS = #ADDRESS#,
			MOBILENO = #MOBILENO#,
			TELNO = #TELNO#,
			BRANCHCODE = #BRANCHCODE#,
			DEPTCODE = #DEPTCODE#,
			BASICPAY = #BASICPAY#,
			EMPLOYGUBUN = #EMPLOYGUBUN#,
			GRADE = #GRADE#,
			DUTY = #DUTY#,
			JOINDATE = #JOINDATE#,
			REJOINYN = #REJOINYN#,
			RETIREDATE = #RETIREDATE#,
			RECOLID = #RECOLID#,
			REMARK = #REMARK#,
			UPDATEUSER = #UPDATEUSER#,
			UPDATEDATE = SYSDATE()
		WHERE CITYCODE = #CITYCODE#
	</update>
	
	<insert id="insertEnaInsaMst">
		INSERT INTO HR_INSAMST
		(
			INSACODE,
			KNAME,
			JUMINID,
			SAUPID,
			ADDRESS,
			MOBILENO,
			TELNO,
			BRANCHCODE,
			DEPTCODE,
			BASICPAY,
			EMPLOYGUBUN,
			GRADE,
			DUTY,
			JOINDATE,
			REJOINYN,
			RETIREDATE,
			RECOLID,
			REMARK,
			INSERTUSER,
			INSERTDATE
		)
		VALUES(
			#INSACODE#,
			#KNAME#,
			#JUMINID#,
			#SAUPID#,
			#ADDRESS#,
			#MOBILENO#,
			#TELNO#,
			#BRANCHCODE#,
			#DEPTCODE#,
			#BASICPAY#,
			#EMPLOYGUBUN#,
			#GRADE#,
			#DUTY#,
			#JOINDATE#,
			#REJOINYN#,
			#RETIREDATE#,
			#RECOLID#,
			#REMARK#,
			#INSERTUSER#,
			SYSDATE()
		)
	</insert>
	
	<select id="selectListEnaAppointItem" resultMap="">
		SELECT 
			T1.INSACODE,
			T1.APPOINTSEQ,
			T1.APPOINTGUBUN,
			T1.APPOINTDATE,
			T1.APPOINTBRANCH,
			(SELECT BRANCHNAME FROM BA_BRANCHMST WHERE BRANCHCODE = T1.APPOINTBRANCH) AS BRANCHNAME,
			T1.APPOINTDEPT,
			(SELECT DEPTNAME FROM BA_DEPTMST WHERE BRANCHCODE = T1.APPOINTBRANCH AND DEPTCODE = T1.APPOINTDEPT) AS DEPTNAME,
			T1.GRADE,
			T1.DUTY,
			T1.EMPLOYGUBUN,
			T1.PREBASICPAY,
			T1.REMARK
		FROM HR_APPOINTITEM T1
		WHERE 1=1
		AND T1.INSACODE = #INSACODE#
		ORDER BY T1.APPOINTDATE DESC
	</select>
	
	<update id="updateEnaAppointItem">
		UPDATE HR_APPOINTITEM
		SET
			APPOINTGUBUN = #APPOINTGUBUN#,
			APPOINTDATE = #APPOINTDATE#,
			APPOINTBRANCH = #APPOINTBRANCH#,
			APPOINTDEPT = #APPOINTDEPT#,
			GRADE = #GRADE#,
			DUTY = #DUTY#,
			EMPLOYGUBUN = #EMPLOYGUBUN#,
			PREBASICPAY = #PREBASICPAY#,
			REMARK = #REMARK#,
			UPDATEUSER = #UPDATEUSER#,
			UPDATEDATE = # UPDATEDATE#
		WHERE CITYCODE = #CITYCODE#
		AND BOROUGHCODE = #BOROUGHCODE#
	</update>
	
	<insert id="insertEnaAppointItem">
		INSERT INTO HR_APPOINTITEM
		(
			INSACODE,
			APPOINTSEQ,
			APPOINTGUBUN,
			APPOINTDATE,
			APPOINTBRANCH,
			APPOINTDEPT,
			GRADE,
			DUTY,
			EMPLOYGUBUN,
			PREBASICPAY,
			REMARK,
			INSERTUSER,
			INSERTDATE
		)
		VALUES(
			#INSACODE#,
			#APPOINTSEQ#,
			#APPOINTGUBUN#,
			#APPOINTDATE#,
			#APPOINTBRANCH#,
			#APPOINTDEPT#,
			#GRADE#,
			#DUTY#,
			#EMPLOYGUBUN#,
			#PREBASICPAY#,
			#REMARK#,
			#INSERTUSER#,
			SYSDATE()
		)
	</insert>
	
	<select id="selectListEnaTexPayerItem" resultMap="">
		SELECT 
			T1.INSACODE,
			T1.ITEMSEQ,
			T1.PAYERNAME,
			T1.PAYERID,
			T1.BANKID,
			T1.ACCTNO,
			T1.ACCTOWNER,
			T1.REMARK
		FROM HR_TEXPAYERITEM T1
		WHERE 1=1
		AND T1.INSACODE = #INSACODE#
		ORDER BY T1.APPOINTDATE DESC
	</select>
	
	<update id="updateEnaTexPayerItem">
		UPDATE HR_TEXPAYERITEM
		SET
			PAYERNAME = #PAYERNAME#,
			PAYERID = #PAYERID#,
			BANKID = #BANKID#,
			ACCTNO = #ACCTNO#,
			ACCTOWNER = #ACCTOWNER#,
			REMARK = #REMARK#,
			UPDATEUSER = #UPDATEUSER#,
			UPDATEDATE = # UPDATEDATE#
		WHERE CITYCODE = #CITYCODE#
		AND BOROUGHCODE = #BOROUGHCODE#
	</update>
	
	<insert id="insertEnaTexPayerItem">
		INSERT INTO HR_TEXPAYERITEM
		(
			INSACODE,
			ITEMSEQ,
			PAYERNAME,
			PAYERID,
			BANKID,
			ACCTNO,
			ACCTOWNER,
			REMARK,
			INSERTUSER,
			INSERTDATE
		)
		VALUES(
			#INSACODE#,
			#ITEMSEQ#,
			#PAYERNAME#,
			#PAYERID#,
			#BANKID#,
			#ACCTNO#,
			#ACCTOWNER#,
			#REMARK#,
			#INSERTUSER#,
			SYSDATE()
		)
	</insert>
</sqlMap>