<?xml version="1.0" encoding="UTF-8"?>
<!DOCTYPE sqlMap PUBLIC "-//iBATIS.com//DTD SQL Map 2.0//EN"
  "http://ibatis.apache.org/dtd/sql-map-2.dtd">

<sqlMap namespace="kr.co.jmena.www.web.sample">
	<select id="selectListEnaSaleMst" resultMap="">
		SELECT 
			T1.SALEID,
			T1.SALEDATE,
			T1.SALEGUBUN,
			T1.SALERCD,
			T1.BUYID,
			T1.CONNAME,
			T1.CONJUMINID,
			T1.CONADDRESS,
			T1.CONTELNO,
			T1.CONM2,
			T1.CONPY,
			T1.REMARK
		FROM SA_SALEMST T1
		WHERE 1=1
		ORDER BY T1.SALEID ASC
	</select>
	
	<update id="updateEnaSaleMst">
		UPDATE SA_SALEMST
		SET
			SALEDATE = #SALEDATE#,
			SALEGUBUN = #SALEGUBUN#,
			SALERCD = #SALERCD#,
			BUYID = #BUYID#,
			CONNAME = #CONNAME#,
			CONJUMINID = #CONJUMINID#,
			CONADDRESS = #CONADDRESS#,
			CONTELNO = #CONTELNO#,
			CONM2 = #CONM2#,
			CONPY = #CONPY#,
			REMARK = #REMARK#,
			UPDATEUSER = #UPDATEUSER#,
			UPDATEDATE = SYSDATE()
		WHERE SALEID = #SALEID#
	</update>
	
	<insert id="insertEnaSaleMst">
		INSERT INTO SA_SALEMST
		(
			SALEID,
			SALEDATE,
			SALEGUBUN,
			SALERCD,
			BUYID,
			CONNAME,
			CONJUMINID,
			CONADDRESS,
			CONTELNO,
			CONM2,
			CONPY,
			REMARK,
			INSERTUSER,
			INSERTDATE
		)
		VALUES(
			#SALEID#,
			#SALEDATE#,
			#SALEGUBUN#,
			#SALERCD#,
			#BUYID#,
			#CONNAME#,
			#CONJUMINID#,
			#CONADDRESS#,
			#CONTELNO#,
			#CONM2#,
			#CONPY#,
			#REMARK#,
			#INSERTUSER#,
			SYSDATE()
		)
	</insert>

	<select id="selectListEnaSaleDtl" resultMap="">
		SELECT 
			T1.SALEID,
			T1.SALEAMT,
			T1.SALEDANGA,
			T1.DCGUBUN,
			T1.DCRATE,
			T1.DCAMT,
			T1.SELLAMT,
			T1.JOINYN,
			T1.REGYN,
			T1.REGDATE,
			T1.CANCELYN,
			T1.CANCELDATE
		FROM SA_SALEDTL T1
		WHERE 1=1
		ORDER BY T1.SALEID ASC
	</select>
	
	<update id="updateEnaSaleDtl">
		UPDATE SA_SALEDTL
		SET
			SALEAMT = #SALEAMT#,
			SALEDANGA = #SALEDANGA#,
			DCGUBUN = #DCGUBUN#,
			DCRATE = #DCRATE#,
			DCAMT = #DCAMT#,
			SELLAMT = #SELLAMT#,
			JOINYN = #JOINYN#,
			REGYN = #REGYN#,
			REGDATE = #REGDATE#,
			CANCELYN = #CANCELYN#,
			CANCELDATE = #CANCELDATE#
		WHERE SALEID = #SALEID#
	</update>
	
	<insert id="insertEnaSaleDtl">
		INSERT INTO SA_SALEDTL
		(
			SALEID,
			SALEAMT,
			SALEDANGA,
			DCGUBUN,
			DCRATE,
			DCAMT,
			SELLAMT,
			JOINYN,
			REGYN,
			REGDATE,
			CANCELYN,
			CANCELDATE
		)
		VALUES(
			#SALEID#,
			#SALEAMT#,
			#SALEDANGA#,
			#DCGUBUN#,
			#DCRATE#,
			#DCAMT#,
			#SELLAMT#,
			#JOINYN#,
			#REGYN#,
			#REGDATE#,
			#CANCELYN#,
			#CANCELDATE#
		)
	</insert>

	<select id="selectListEnaSaleISTb" resultMap="">
		SELECT 
			T1.SALEID,
			T1.IPGUMSEQ,
			T1.DEPOSITGUBUN,
			T1.DEPOSITDATE,
			T1.DEPOSITAMT,
			T1.DEPOSITYN,
			T1.REMARK
		FROM SA_IPGUMSCHEDULETB T1
		WHERE 1=1
		AND T1.SALEID = #SALEID# 
		AND T1.IPGUMSEQ = #IPGUMSEQ# 
		ORDER BY T1.SALEID ASC
	</select>
	
	<update id="updateEnaSaleISTb">
		UPDATE SA_IPGUMSCHEDULETB
		SET
			DEPOSITGUBUN = #DEPOSITGUBUN#,
			DEPOSITDATE = #DEPOSITDATE#,
			DEPOSITAMT = #DEPOSITAMT#,
			DEPOSITYN = #DEPOSITYN#,
			REMARK = #REMARK#,
			UPDATEUSER = #UPDATEUSER#,
			UPDATEDATE = #UPDATEDATE#
		WHERE SALEID = #SALEID# 
		AND IPGUMSEQ = #IPGUMSEQ# 
	</update>
	
	<insert id="insertEnaSaleISTb">
		INSERT INTO SA_IPGUMSCHEDULETB
		(
			SALEID,
			IPGUMSEQ,
			DEPOSITGUBUN,
			DEPOSITDATE,
			DEPOSITAMT,
			DEPOSITYN,
			REMARK,
			INSERTUSER,
			INSERTDATE
		)
		VALUES(
			#SALEID#,
			#IPGUMSEQ#,
			#DEPOSITGUBUN#,
			#DEPOSITDATE#,
			#DEPOSITAMT#,
			#DEPOSITYN#,
			#REMARK#,
			#INSERTUSER#,
			SYSDATE()
		)
	</insert>

	<select id="selectListEnaSaleJNTb" resultMap="">
		SELECT 
			SALEID,
			JOINTSEQ,
			JOINTNAME,
			JOINTJUMINID,
			JOINTTELNO,
			OCCUM2,
			OCCUPY,
			SALEAMT,
			SELLDANGA,
			DCGUBUN,
			DCRATE,
			SELLAMT,
			PAPERREGYN,
			REMARK
		FROM SA_JOINTNAMETB T1
		WHERE 1=1
		AND T1.SALEID = #SALEID# 
		AND T1.JOINTSEQ = #JOINTSEQ# 
		ORDER BY T1.SALEID ASC
	</select>
	
	<update id="updateEnaSaleJNTb">
		UPDATE SA_JOINTNAMETB
		SET
			JOINTNAME = #JOINTNAME#,
			JOINTJUMINID = #JOINTJUMINID#,
			JOINTTELNO = #JOINTTELNO#,
			OCCUM2 = #OCCUM2#,
			OCCUPY = #OCCUPY#,
			SALEAMT = #SALEAMT#,
			SELLDANGA = #SELLDANGA#,
			DCGUBUN = #DCGUBUN#,
			DCRATE = #DCRATE#,
			SELLAMT = #SELLAMT#,
			PAPERREGYN = #PAPERREGYN#,
			REMARK = #REMARK#,
			UPDATEUSER = #UPDATEUSER#,
			UPDATEDATE = #UPDATEDATE#
		WHERE SALEID = #SALEID# 
		AND JOINTSEQ = #JOINTSEQ# 
	</update>
	
	<insert id="insertEnaSaleJNTb">
		INSERT INTO SA_JOINTNAMETB
		(
			SALEID,
			JOINTSEQ,
			JOINTNAME,
			JOINTJUMINID,
			JOINTTELNO,
			OCCUM2,
			OCCUPY,
			SALEAMT,
			SELLDANGA,
			DCGUBUN,
			DCRATE,
			SELLAMT,
			PAPERREGYN,
			REMARK,
			INSERTUSER,
			INSERTDATE
		)
		VALUES(
			#SALEID#,
			#JOINTSEQ#,
			#JOINTNAME#,
			#JOINTJUMINID#,
			#JOINTTELNO#,
			#OCCUM2#,
			#OCCUPY#,
			#SALEAMT#,
			#SELLDANGA#,
			#DCGUBUN#,
			#DCRATE#,
			#SELLAMT#,
			#PAPERREGYN#,
			#REMARK#,
			#INSERTUSER#,
			SYSDATE()
		)
	</insert>

	<select id="selectListEnaSaleHisTb" resultMap="">
		SELECT 
			T1.SALEID,
			T1.SALESEQ,
			T1.CHGGUBUN,
			T1.CHGDATE,
			T1.PREM2,
			T1.PREPY,
			T1.CHGM2,
			T1.CHGPY,
			T1.REMARK
		FROM SA_SALEHISTORYTB T1
		WHERE 1=1
		AND T1.SALEID = #SALEID# 
		AND T1.SALESEQ = #SALESEQ# 
		ORDER BY T1.SALEID ASC
	</select>
	
	<update id="updateEnaSaleHisTb">
		UPDATE SA_SALEHISTORYTB
		SET
			CHGGUBUN = #CHGGUBUN#,
			CHGDATE = #CHGDATE#,
			PREM2 = #PREM2#,
			PREPY = #PREPY#,
			CHGM2 = #CHGM2#,
			CHGPY = #CHGPY#,
			REMARK = #REMARK#,
			UPDATEUSER = #UPDATEUSER#,
			UPDATEDATE = #UPDATEDATE#
		WHERE SALEID = #SALEID# 
		AND SALESEQ = #SALESEQ# 
	</update>
	
	<insert id="insertEnaSaleHisTb">
		INSERT INTO SA_SALEHISTORYTB
		(
			SALEID,
			SALESEQ,
			CHGGUBUN,
			CHGDATE,
			PREM2,
			PREPY,
			CHGM2,
			CHGPY,
			REMARK,
			INSERTUSER,
			INSERTDATE
		)
		VALUES(
			#SALEID#,
			#SALESEQ#,
			#CHGGUBUN#,
			#CHGDATE#,
			#PREM2#,
			#PREPY#,
			#CHGM2#,
			#CHGPY#,
			#REMARK#,
			#INSERTUSER#,
			SYSDATE()
		)
	</insert>
	
</sqlMap>