<?xml version="1.0" encoding="UTF-8"?>
<!DOCTYPE sqlMap PUBLIC "-//iBATIS.com//DTD SQL Map 2.0//EN"
  "http://ibatis.apache.org/dtd/sql-map-2.dtd">

<sqlMap namespace="kr.co.jmena.www.web.sample">
	<select id="selectListEnaSaleMst" resultMap="">
		SELECT 
			T1.SALEID,
			T1.SALEDATE,
			T1.SALEGUBUN,
			T1.SALERCD,
			T1.BUYID,
			T1.CONNAME,
			T1.CONJUMINID,
			T1.CONADDRESS,
			T1.CONTELNO,
			T1.CONM2,
			T1.CONPY,
			T1.REMARK
		FROM SA_SALEMST T1
		WHERE 1=1
		ORDER BY T1.SALEID ASC
	</select>
	
	<update id="updateEnaSaleMst">
		UPDATE SA_SALEMST
		SET
			SALEDATE = #SALEDATE#,
			SALEGUBUN = #SALEGUBUN#,
			SALERCD = #SALERCD#,
			BUYID = #BUYID#,
			CONNAME = #CONNAME#,
			CONJUMINID = #CONJUMINID#,
			CONADDRESS = #CONADDRESS#,
			CONTELNO = #CONTELNO#,
			CONM2 = #CONM2#,
			CONPY = #CONPY#,
			REMARK = #REMARK#,
			UPDATEUSER = #UPDATEUSER#,
			UPDATEDATE = SYSDATE()
		WHERE SALEID = #SALEID#
	</update>
	
	<insert id="insertEnaSaleMst">
		INSERT INTO SA_SALEMST
		(
			SALEID,
			SALEDATE,
			SALEGUBUN,
			SALERCD,
			BUYID,
			CONNAME,
			CONJUMINID,
			CONADDRESS,
			CONTELNO,
			CONM2,
			CONPY,
			REMARK,
			INSERTUSER,
			INSERTDATE
		)
		VALUES(
			#SALEID#,
			#SALEDATE#,
			#SALEGUBUN#,
			#SALERCD#,
			#BUYID#,
			#CONNAME#,
			#CONJUMINID#,
			#CONADDRESS#,
			#CONTELNO#,
			#CONM2#,
			#CONPY#,
			#REMARK#,
			#INSERTUSER#,
			SYSDATE()
		)
	</insert>

	<select id="selectListEnaSaleBDtl" resultMap="">
		SELECT 
			T1.SALEID,
			T1.BRROWTYPE,
			T1.BRROWAMT,
			T1.BRROWPERIOD,
			T1.PERIODGUBUN,
			T1.BRROWDATE,
			T1.EXPIREDATE,
			T1.PAYRATE,
			T1.PAYAMT,
			T1.PAYACCOUNT,
			T1.PAYBANK,
			T1.EXTENDYN,
			T1.EXTENDDATE,
			T1.CANCELYN,
			T1.CANCELDATE
		FROM SA_SALEBDTL T1
		WHERE 1=1
		ORDER BY T1.SALEID ASC
	</select>
	
	<update id="updateEnaSaleBDtl">
		UPDATE SA_SALEBDTL
		SET
			BRROWTYPE = #BRROWTYPE#,
			BRROWAMT = #BRROWAMT#,
			BRROWPERIOD = #BRROWPERIOD#,
			PERIODGUBUN = #PERIODGUBUN#,
			BRROWDATE = #BRROWDATE#,
			EXPIREDATE = #EXPIREDATE#,
			PAYRATE = #PAYRATE#,
			PAYAMT = #PAYAMT#,
			PAYACCOUNT = #PAYACCOUNT#,
			PAYBANK = #PAYBANK#,
			EXTENDYN = #EXTENDYN#,
			EXTENDDATE = #EXTENDDATE#,
			CANCELYN = #CANCELYN#,
			CANCELDATE = #CANCELDATE#
		WHERE SALEID = #SALEID#
	</update>
	
	<insert id="insertEnaSaleBDtl">
		INSERT INTO SA_SALEBDTL
		(
			SALEID,
			BRROWTYPE,
			BRROWAMT,
			BRROWPERIOD,
			PERIODGUBUN,
			BRROWDATE,
			EXPIREDATE,
			PAYRATE,
			PAYAMT,
			PAYACCOUNT,
			PAYBANK,
			EXTENDYN,
			EXTENDDATE,
			CANCELYN,
			CANCELDATE
		)
		VALUES(
			#SALEID#,
			#BRROWTYPE#,
			#BRROWAMT#,
			#BRROWPERIOD#,
			#PERIODGUBUN#,
			#BRROWDATE#,
			#EXPIREDATE#,
			#PAYRATE#,
			#PAYAMT#,
			#PAYACCOUNT#,
			#PAYBANK#,
			#EXTENDYN#,
			#EXTENDDATE#,
			#CANCELYN#,
			#CANCELDATE#
		)
	</insert>

	<select id="selectListEnaSaleJNTb" resultMap="">
		SELECT 
			SALEID,
			JOINTSEQ,
			JOINTNAME,
			JOINTJUMINID,
			JOINTTELNO,
			OCCUM2,
			OCCUPY,
			SALEAMT,
			SELLDANGA,
			DCGUBUN,
			DCRATE,
			SELLAMT,
			PAPERREGYN,
			REMARK
		FROM SA_JOINTNAMETB T1
		WHERE 1=1
		AND T1.SALEID = #SALEID# 
		AND T1.JOINTSEQ = #JOINTSEQ# 
		ORDER BY T1.SALEID ASC
	</select>
	
	<update id="updateEnaSaleJNTb">
		UPDATE SA_JOINTNAMETB
		SET
			JOINTNAME = #JOINTNAME#,
			JOINTJUMINID = #JOINTJUMINID#,
			JOINTTELNO = #JOINTTELNO#,
			OCCUM2 = #OCCUM2#,
			OCCUPY = #OCCUPY#,
			SALEAMT = #SALEAMT#,
			SELLDANGA = #SELLDANGA#,
			DCGUBUN = #DCGUBUN#,
			DCRATE = #DCRATE#,
			SELLAMT = #SELLAMT#,
			PAPERREGYN = #PAPERREGYN#,
			REMARK = #REMARK#,
			UPDATEUSER = #UPDATEUSER#,
			UPDATEDATE = #UPDATEDATE#
		WHERE SALEID = #SALEID# 
		AND JOINTSEQ = #JOINTSEQ# 
	</update>
	
	<insert id="insertEnaSaleJNTb">
		INSERT INTO SA_JOINTNAMETB
		(
			SALEID,
			JOINTSEQ,
			JOINTNAME,
			JOINTJUMINID,
			JOINTTELNO,
			OCCUM2,
			OCCUPY,
			SALEAMT,
			SELLDANGA,
			DCGUBUN,
			DCRATE,
			SELLAMT,
			PAPERREGYN,
			REMARK,
			INSERTUSER,
			INSERTDATE
		)
		VALUES(
			#SALEID#,
			#JOINTSEQ#,
			#JOINTNAME#,
			#JOINTJUMINID#,
			#JOINTTELNO#,
			#OCCUM2#,
			#OCCUPY#,
			#SALEAMT#,
			#SELLDANGA#,
			#DCGUBUN#,
			#DCRATE#,
			#SELLAMT#,
			#PAPERREGYN#,
			#REMARK#,
			#INSERTUSER#,
			SYSDATE()
		)
	</insert>

</sqlMap>