<?xml version="1.0" encoding="UTF-8"?>
<!DOCTYPE sqlMap PUBLIC "-//iBATIS.com//DTD SQL Map 2.0//EN"
  "http://ibatis.apache.org/dtd/sql-map-2.dtd">

<sqlMap namespace="kr.co.jmena.www.web.sample">
	<select id="selectListEnaBuyMst" resultMap="">
		SELECT 
			T1.BUYID,
			T1.BUYDATE,
			T1.BUYGUBUN,
			T1.MANAGENO,
			T1.CITYCODE,
			T1.BOROUNGCODE,
			T1.USETYPE,
			T1.ADDRESS,
			T1.OWNERNAME,
			T1.OWNERJUMINID,
			T1.BUYM2,
			T1.BUYPY,
			T1.BUYAMT,
			T1.BUYDANGA,
			T1.REGYN,
			T1.REGDATE,
			T1.REMARK
		FROM MM_BUYMST T1
		WHERE 1=1
		ORDER BY T1.SORTKEY ASC
	</select>
	
	<update id="updateEnaBuyMst">
		UPDATE MM_BUYMST
		SET
			BUYDATE = #BUYDATE#,
			BUYGUBUN = #BUYGUBUN#,
			MANAGENO = #MANAGENO#,
			CITYCODE = #CITYCODE#,
			BOROUNGCODE = #BOROUNGCODE#,
			USETYPE = #USETYPE#,
			ADDRESS = #ADDRESS#,
			OWNERNAME = #OWNERNAME#,
			OWNERJUMINID = #OWNERJUMINID#,
			BUYM2 = #BUYM2#,
			BUYPY = #BUYPY#,
			BUYAMT = #BUYAMT#,
			BUYDANGA = #BUYDANGA#,
			REGYN = #REGYN#,
			REGDATE = #REGDATE#,
			REMARK = #REMARK#,
			UPDATEUSER = #UPDATEUSER#,
			UPDATEDATE = SYSDATE()
		WHERE BUYID = #BUYID#
	</update>
	
	<insert id="insertEnaBuyMst">
		INSERT INTO MM_BUYMST
		(
			BUYID,
			BUYDATE,
			BUYGUBUN,
			MANAGENO,
			CITYCODE,
			ADDRESS,
			USETYPE,
			OWNERNAME,
			OWNERJUMINID,
			BUYM2,
			BUYPY,
			BUYAMT,
			BUYDANGA,
			REGYN,
			REGDATE,
			REMARK,
			INSERTUSER,
			INSERTDATE
		)
		VALUES(
			#BUYID#,
			#BUYDATE#,
			#BUYGUBUN#,
			#MANAGENO#,
			#CITYCODE#,
			#ADDRESS#,
			#USETYPE#,
			#OWNERNAME#,
			#OWNERJUMINID#,
			#BUYM2#,
			#BUYPY#,
			#BUYAMT#,
			#BUYDANGA#,
			#REGYN#,
			#REGDATE#,
			#REMARK#,
			#INSERTUSER#,
			SYSDATE()
		)
	</insert>
	
	<select id="selectListEnaPayScheduleTb" resultMap="">
		SELECT 
			T1.BUYID,
			T1.BUYSEQ,
			T1.PAYGUBUN,
			T1.PATDATE,
			T1.PAYAMT,
			T1.PAYYN,
			T1.REMARK
		FROM MM_PAYSCHEDULETB T1
		WHERE 1=1
		AND T1.BUYID = #BUYID#
		ORDER BY T1.BUYSEQ DESC
	</select>
	
	<update id="updateEnaPayScheduleTb">
		UPDATE MM_PAYSCHEDULETB
		SET
			PAYGUBUN = #PAYGUBUN#,
			PATDATE = #PATDATE#,
			PAYAMT = #PAYAMT#,
			PAYYN = #PAYYN#,
			REMARK = #REMARK#,
			UPDATEUSER = #UPDATEUSER#,
			UPDATEDATE = # UPDATEDATE#
		WHERE BUYID = #BUYID#
		AND BUYSEQ = #BUYSEQ#
	</update>
	
	<insert id="insertEnaPayScheduleTb">
		INSERT INTO MM_PAYSCHEDULETB
		(
			BUYID,
			BUYSEQ,
			PAYGUBUN,
			PATDATE,
			PAYAMT,
			PAYYN,
			REMARK,
			INSERTUSER,
			INSERTDATE
		)
		VALUES(
			#BUYID#,
			#BUYSEQ#,
			#PAYGUBUN#,
			#PATDATE#,
			#PAYAMT#,
			#PAYYN#,
			#REMARK#,
			#INSERTUSER#,
			SYSDATE()
		)
	</insert>
	
	<select id="selectListEnaSalesOpenTb" resultMap="">
		SELECT 
			T1.BUYID,
			T1.BRANCHCODE,
			T1.OPENYN,
			T1.HOLDINGYN,
			T1.HOLDINGM2,
			T1.HOLDINGPY,
			T1.HOLDINGDATE,
			T1.REMARK
		FROM MM_SALESOPENTB T1
		WHERE 1=1
		AND T1.BUYID = #BUYID#
	</select>
	
	<update id="updateEnaTexSalesOpenTb">
		UPDATE MM_SALESOPENTB
		SET
			OPENYN = #OPENYN#,
			HOLDINGYN = #HOLDINGYN#,
			HOLDINGM2 = #HOLDINGM2#,
			HOLDINGPY = #HOLDINGPY#,
			HOLDINGDATE = #HOLDINGDATE#,
			REMARK = #REMARK#
		WHERE BUYID = #BUYID#
		AND BRANCHCODE = #BRANCHCODE#
	</update>
	
	<insert id="insertEnaTexSalesOpenTb">
		INSERT INTO MM_SALESOPENTB
		(
			BUYID,
			BRANCHCODE,
			OPENYN,
			HOLDINGYN,
			HOLDINGM2,
			HOLDINGPY,
			HOLDINGDATE,
			REMARK,
			INSERTUSER,
			INSERTDATE
		)
		VALUES(
			#BUYID#,
			#BRANCHCODE#,
			#OPENYN#,
			#HOLDINGYN#,
			#HOLDINGM2#,
			#HOLDINGPY#,
			#HOLDINGDATE#,
			#REMARK#,
			#INSERTUSER#,
			SYSDATE()
		)
	</insert>
</sqlMap>